name	abbr	letter	formula	MW	property	polarity	volume	size	flexibility	pI	hydrophobicity	codon
Alanine	Ala	A	C3H7N1O2	89.09	aliphatic	nonpolar	88.6	very_small	1	6	hydrophobic	GCA,GCC,GCG,GCT
Arginine	Arg	R	C6H14N4O2	174.2	basic	polar_basic	173.4	large	81	11.15	hydrophilic	AGA,AGG,CGA,CGC,CGG,CGT
Asparagine	Asn	N	C4H8N2O3	132.12	amide	polar_neutral	114.1	small	36	5.41	hydrophilic	AAC,AAT
Aspartic Acid	Asp	D	C4H7N1O4	133.1	acidic	polar_acidic	111.1	small	18	2.77	hydrophilic	GAC,GAT
Cysteine	Cys	C	C3H7N1O2S1	121.16	sulfur	nonpolar	108.5	small	3	5.02	hydrophobic	TGC,TGT
Glutamine	Gln	Q	C5H10N2O3	146.15	amide	polar_neutral	143.8	medium	108	5.65	hydrophilic	CAA,CAG
Glutamic Acid	Glu	E	C5H9N1O4	147.13	acidic	polar_acidic	138.4	medium	54	3.22	hydrophilic	GAA,GAG
Glycine	Gly	G	C2H5N1O2	75.07	aliphatic	nonpolar	60.1	very_small	1	5.97	neutral	GGA,GGC,GGG,GGT
Histidine	His	H	C6H9N3O2	155.16	basic	polar_basic	153.2	medium	36	7.47	neutral	CAC,CAT
Isoleucine	Ile	I	C6H13N1O2	131.17	aliphatic	nonpolar	166.7	large	9	5.94	hydrophobic	ATA,ATC,ATT
Leucine	Leu	L	C6H13N1O2	131.17	aliphatic	nonpolar	166.7	large	9	5.98	hydrophobic	CTA,CTC,CTG,CTT,TTA,TTG
Lysine	Lys	K	C6H14N2O2	146.19	basic	polar_basic	168.6	large	81	9.59	hydrophilic	AAA,AAG
Methionine	Met	M	C5H11N1O2S1	149.21	sulfur	nonpolar	162.9	large	27	5.74	hydrophobic	ATG
Phenylalanine	Phe	F	C9H11N1O2	165.19	aromatic	nonpolar	189.9	very_large	18	5.48	hydrophobic	TTC,TTT
Proline	Pro	P	C5H9N1O2	115.13	aliphatic	nonpolar	112.7	small	2	6.3	neutral	CCA,CCC,CCG,CCT
Serine	Ser	S	C3H7N1O3	105.09	hydroxyl	polar_neutral	89	very_small	3	5.68	neutral	AGC,AGT,TCA,TCC,TCG,TCT
Threonine	Thr	T	C4H9N1O3	119.12	hydroxyl	polar_neutral	116.1	small	3	5.64	neutral	ACA,ACC,ACG,ACT
Tryptophan	Trp	W	C11H12N2O2	204.23	aromatic	nonpolar	227.8	very_large	36	5.89	hydrophobic	TGG
Tyrosine	Tyr	Y	C9H11N1O3	181.19	aromatic	polar_neutral	193.6	very_large	18	5.66	neutral	TAC,TAT
Valine	Val	V	C5H11N1O2	117.15	aliphatic	nonpolar	140	medium	3	5.96	hydrophobic	GTA,GTC,GTG,GTT
